{
  "Layanan & Informasi": [
    {
      "title": "Informasi & Layanan Perikanan Budidaya",
      "url": "https://drive.google.com/drive/folders/1MaRZo24M2gHJbOou7ZGoEjgIF4cYmVez?usp=drive_link",
      "desc": "Sistem Informasi Rekapitulasi dan Pencatatan Usaha Perikanan"
    }
  ],
  "Pendampingan & Pendataan": [
    {
      "title": "Tracker & Logbook Perikanan Budidaya",
      "url": "https://drive.google.com/drive/folders/1MaRZo24M2gHJbOou7ZGoEjgIF4cYmVez?usp=drive_link",
      "desc": "Sistem Informasi Rekapitulasi dan Pencatatan Usaha Perikanan"
    }
  ],
  "Media Sosial": [
    {
      "title": "Laman Resmi DKP Gunungkidul",
      "url": "https://dkp.gunungkidulkab.go.id/",
      "desc": "Website resmi Dinas Kelautan dan Perikanan Gunungkidul"
    },
    {
      "title": "Instagram Resmi DKP Gunungkidul",
      "url": "https://www.instagram.com/dislautkan.gunungkidul",
      "desc": "Akun Instagram resmi Dinas Kelautan dan Perikanan Gunungkidul"
    }
  ]
}